,country,happiness,GDP_per_capita,social_support,healthy_life_exp,freedom,generosity,corruption,alcohol_consumption,cigarette_consumption,agricultural,industrial,service,const_form,head_of_state,life_expectancy,median_age,median_age_male,median_age_female,gold_medals_2016,silver_medals_2016,bronze_medals_2016,oscar_winning,population_per_railways_km,GDP per capita (current US$),"Suicide mortality rate, female (per 100,000 female population)","Suicide mortality rate, male (per 100,000 male population)","Suicide mortality rate (per 100,000 population)",iso3c,iso2c,region,adminregion,incomeLevel,lendingType,capitalCity,longitude,latitude,Access to internet (% age 15+),"Access to internet, female (% age 15+)","Access to internet, male (% age 15+)","Access to internet, income, poorest 40% (% age 15+)","Access to internet, income, richest 60% (% age 15+)",Access to internet (% ages 15-34),Access to internet (% ages 35-59),Access to internet (% age 60+),continent
0,Finland,7.769,1.34,1.587,0.986,0.596,0.153,0.393,12.3,1098.8,2.7,28.2,69.1,Republic,Ceremonial,81.7,42.5,40.9,44.3,0.0,0.0,1.0,0.0,929.0,50152.340141130306,8.1,23.9,15.9,FIN,FI,Europe & Central Asia,,High income,Not classified,Helsinki,24.9525,60.1608,91.49240999999999,88.83804,94.35252,86.58643000000001,94.76109,99.26420999999999,97.73392,78.80399,Europe
1,Denmark,7.6,1.383,1.5730000000000002,0.996,0.5920000000000001,0.252,0.41,11.4,1298.0,1.3,22.9,75.8,Constitutional monarchy,Ceremonial,80.8,42.2,41.2,43.2,2.0,6.0,7.0,3.0,2893.0,61350.3479093986,8.2,17.3,12.8,DNK,DK,Europe & Central Asia,,High income,Not classified,Copenhagen,12.5681,55.6763,92.33152,89.20351,95.52691,88.25604,95.04599,99.49481,98.09317,77.03594,Europe
2,Norway,7.5539999999999985,1.4880000000000002,1.582,1.028,0.603,0.271,0.341,7.7,552.8,2.3,33.7,64.0,Constitutional monarchy,Ceremonial,82.3,39.2,38.4,40.0,0.0,0.0,4.0,0.0,1350.0,81697.2459836768,8.4,15.9,12.2,NOR,NO,Europe & Central Asia,,High income,Not classified,Oslo,10.7387,59.9138,95.79597,95.88902,95.70379,94.0789,96.93932,100.0,97.91757,88.69424000000001,Europe
3,Iceland,7.494,1.38,1.624,1.026,0.591,0.354,0.118,7.1,848.1,5.8,19.7,74.6,Republic,Ceremonial,82.9,36.5,35.9,37.1,0.0,0.0,0.0,0.0,,73191.1163154337,5.6,22.3,14.0,ISL,IS,Europe & Central Asia,,High income,Not classified,Reykjavik,-21.8952,64.1353,,,,,,,,,Europe
4,Netherlands,7.487999999999999,1.396,1.5219999999999998,0.999,0.557,0.322,0.298,9.9,1459.9,1.6,17.9,70.2,Constitutional monarchy,Ceremonial,82.1,42.6,41.5,43.6,8.0,7.0,4.0,3.0,5591.0,53024.05921305309,9.0,16.2,12.6,NLD,NL,Europe & Central Asia,,High income,Not classified,Amsterdam,4.89095,52.3738,91.96528,90.31057,93.65247,92.00539,91.93861,100.0,96.29408000000001,77.61129,Europe
5,Switzerland,7.48,1.452,1.526,1.052,0.5720000000000001,0.263,0.343,10.7,1489.8,0.7,25.6,73.7,Republic,Executive,83.6,42.4,41.4,43.4,3.0,2.0,2.0,2.0,1585.0,82796.54716312849,12.4,22.0,17.2,CHE,CH,Europe & Central Asia,,High income,Not classified,Bern,7.44821,46.948,89.77615,88.68463,90.92075,90.59401,89.23225,98.56571,96.32387,68.21311999999999,Europe
6,Sweden,7.343,1.3869999999999998,1.487,1.009,0.574,0.267,0.373,9.2,716.2,1.6,33.0,65.4,Constitutional monarchy,Ceremonial,82.7,41.2,40.2,42.2,2.0,6.0,3.0,3.0,919.0,54608.3602546906,10.5,19.1,14.8,SWE,SE,Europe & Central Asia,,High income,Not classified,Stockholm,18.0645,59.3327,91.49721,89.78817,93.22744,85.16001,95.68930999999999,100.0,98.47633,75.81427,Europe
7,New Zealand,7.307,1.3030000000000002,1.557,1.026,0.585,0.33,0.38,10.9,685.1,5.7,21.5,72.8,Constitutional monarchy,Ceremonial,82.1,37.9,37.1,38.8,4.0,9.0,5.0,0.0,1070.0,41945.3316690932,6.6,17.9,12.1,NZL,NZ,East Asia & Pacific,,High income,Not classified,Wellington,174.77599999999998,-41.2865,94.54299999999999,94.32498000000001,94.79088,92.71449,95.75975,97.13882,98.03787,86.43162,Oceania
8,Canada,7.278,1.365,1.505,1.039,0.584,0.285,0.308,10.2,1021.3,1.6,28.2,70.2,Constitutional monarchy,Ceremonial,82.3,42.2,40.9,43.5,4.0,3.0,15.0,1.0,674.0,46232.989622696696,7.0,18.1,12.5,CAN,CA,North America,,High income,Not classified,Ottawa,-75.6919,45.4215,92.48291,91.33548,93.70923,91.05085,93.43565,97.32909000000001,95.06501,83.79442,North America
9,Austria,7.246,1.376,1.475,1.016,0.532,0.244,0.226,10.3,1927.0,1.3,28.4,70.3,Republic,Ceremonial,81.4,44.0,42.8,45.1,0.0,0.0,1.0,2.0,1587.0,51461.9547804677,7.7,23.9,15.6,AUT,AT,Europe & Central Asia,,High income,Not classified,Vienna,16.3798,48.2201,86.51401,85.17733,87.95523,84.49226999999999,87.85967,94.6224,91.54516,69.45795,Europe
10,Australia,7.228,1.372,1.548,1.036,0.557,0.332,0.29,12.2,917.0,3.6,25.3,71.2,Constitutional monarchy,Ceremonial,83.3,38.7,37.9,39.5,8.0,11.0,10.0,0.0,742.0,57373.68668412809,7.0,19.5,13.2,AUS,AU,East Asia & Pacific,,High income,Not classified,Canberra,149.129,-35.282,91.07783,90.61681,91.55433000000001,86.34591999999999,94.22736,98.7086,97.74044,75.27689000000001,Oceania
11,Costa Rica,7.167000000000002,1.034,1.4409999999999998,0.963,0.5579999999999999,0.14400000000000002,0.093,5.4,411.4,5.5,20.6,73.9,Republic,Executive,80.1,31.3,30.8,31.8,0.0,0.0,0.0,0.0,16416.0,12027.365882631599,2.4,13.5,7.9,CRI,CR,Latin America & Caribbean ,Latin America & Caribbean (excluding high income),Upper middle income,IBRD,San Jose,-84.0089,9.63701,78.08119,76.10316,80.24786999999999,71.95057,82.14703,92.75641999999999,76.82058,39.47053,North America
12,Israel,7.1389999999999985,1.276,1.455,1.029,0.371,0.261,0.08199999999999999,2.8,1280.7,2.4,26.5,69.5,Republic,Ceremonial,82.8,29.9,29.3,30.6,0.0,0.0,2.0,0.0,6355.0,41715.0292840432,2.7,8.1,5.4,ISR,IL,Middle East & North Africa,,High income,Not classified,,35.2035,31.7717,87.60089,87.33294000000001,87.87934,82.29319,91.13148000000001,92.23584,92.36988000000001,65.7075,Asia
13,Luxembourg,7.09,1.609,1.479,1.012,0.526,0.194,0.316,11.9,6330.9,0.3,12.8,86.9,Constitutional monarchy,Ceremonial,82.1,39.3,38.7,39.9,0.0,0.0,0.0,0.0,2148.0,116639.88804711,8.3,18.6,13.5,LUX,LU,Europe & Central Asia,,High income,Not classified,Luxembourg,6.1296,49.61,87.2263,87.5082,86.94975,93.76335999999999,82.91935,96.69433000000001,93.07389,61.43319,Europe
14,United Kingdom,7.0539999999999985,1.3330000000000002,1.538,0.996,0.45,0.348,0.278,11.6,827.7,0.7,20.2,79.2,Constitutional monarchy,Ceremonial,81.2,40.5,39.3,41.7,27.0,23.0,17.0,0.0,4047.0,42943.9022698053,4.4,13.5,8.9,GBR,GB,Europe & Central Asia,,High income,Not classified,London,-0.126236,51.5002,88.82834,86.82128,90.93741,85.55651,90.99497,97.94781,94.52112,68.56441,Europe
15,Ireland,7.021,1.499,1.5530000000000002,0.999,0.516,0.298,0.31,11.9,976.5,1.2,38.6,60.2,Republic,Ceremonial,82.1,36.8,36.4,37.1,0.0,2.0,0.0,0.0,2477.0,78806.431996268,4.6,18.5,11.5,IRL,IE,Europe & Central Asia,,High income,Not classified,Dublin,-6.2674900000000004,53.3441,88.25336,87.77468,88.75401,85.36851,90.17649,92.23167,94.30631,68.13786999999999,Europe
16,Germany,6.985,1.3730000000000002,1.454,0.987,0.495,0.261,0.265,11.8,1599.5,0.7,30.7,68.6,Republic,Ceremonial,81.2,47.1,46.0,48.2,17.0,10.0,15.0,2.0,2145.0,47603.0276328757,7.7,19.7,13.6,DEU,DE,Europe & Central Asia,,High income,Not classified,Berlin,13.4115,52.5235,91.16251,89.53303000000001,92.90966,89.4399,92.3031,98.75275,96.39447,75.9465,Europe
17,Belgium,6.922999999999999,1.356,1.504,0.986,0.473,0.16,0.21,11.0,2440.9,0.7,22.1,77.2,Constitutional monarchy,Ceremonial,81.5,41.4,40.2,42.7,2.0,2.0,2.0,0.0,3140.0,47518.636038891396,13.8,27.8,20.7,BEL,BE,Europe & Central Asia,,High income,Not classified,Brussels,4.36761,50.8371,85.35856,81.47416,89.45616,86.20827,84.79394,99.13197,92.72903000000001,62.05924,Europe
18,United States of America,6.892,1.433,1.457,0.8740000000000001,0.454,0.28,0.128,9.2,1016.6,0.9,19.1,80.0,Republic,Executive,78.9,38.1,36.8,39.4,46.0,37.0,38.0,0.0,2060.0,62794.5856522398,7.2,23.6,15.3,USA,US,North America,,High income,Not classified,Washington D.C.,-77.032,38.8895,90.40123,90.56458,90.2333,83.61003000000001,94.90803000000001,93.13082,93.06466999999999,83.89197,North America
19,Czechia,6.852,1.269,1.487,0.92,0.457,0.046,0.036000000000000004,13.0,2427.9,2.3,36.9,60.8,Republic,Ceremonial,79.2,42.1,40.8,43.4,1.0,2.0,7.0,1.0,1106.0,23078.5734865691,5.1,21.4,13.1,CZE,CZ,Europe & Central Asia,,High income,Not classified,Prague,14.4205,50.0878,80.19041,78.51998,81.98376,72.47026,85.32653,99.00069,91.77489,40.674,Europe
20,United Arab Emirates,6.825,1.503,1.31,0.825,0.598,0.262,0.182,4.3,,0.9,49.8,49.2,Absolute monarchy,Executive,77.8,30.3,32.1,25.0,0.0,0.0,1.0,0.0,21893.0,43004.9533584848,0.7,3.6,2.8,ARE,AE,Middle East & North Africa,,High income,Not classified,Abu Dhabi,54.3705,24.4764,91.32070999999999,91.08094,91.41141999999999,87.01646,94.18124,94.07023000000001,89.39005999999999,77.40315,Asia
21,Malta,6.726,1.3,1.52,0.999,0.564,0.375,0.151,7.0,1527.9,1.1,10.2,88.7,Republic,Ceremonial,82.4,41.8,40.8,43.0,0.0,0.0,0.0,0.0,,30098.2833099975,2.8,12.1,7.5,MLT,MT,Middle East & North Africa,,High income,Not classified,Valletta,14.5189,35.9042,81.35964,79.70169,83.07953,70.37434,88.62378000000001,99.19335,86.76468,51.91151,Europe
22,Mexico,6.595,1.07,1.3230000000000002,0.861,0.433,0.07400000000000001,0.073,7.2,327.1,3.6,31.9,64.5,Republic,Executive,75.0,28.3,27.2,29.4,0.0,3.0,2.0,1.0,6697.0,9673.44367360619,2.3,8.0,5.1,MEX,MX,Latin America & Caribbean ,Latin America & Caribbean (excluding high income),Upper middle income,IBRD,Mexico City,-99.1276,19.427,45.40566,40.32183,51.2183,34.14627,52.60188,60.193909999999995,40.048809999999996,11.08516,North America
23,France,6.5920000000000005,1.324,1.472,1.045,0.436,0.111,0.183,12.2,1089.9,1.7,19.5,78.8,Republic,Executive,82.5,41.4,39.6,43.1,10.0,18.0,14.0,12.0,2374.0,41463.644022703396,11.7,23.9,17.7,FRA,FR,Europe & Central Asia,,High income,Not classified,Paris,2.3509700000000002,48.8566,86.74608,84.78895,88.88897,85.46425,87.59899999999999,95.61644,94.03626,64.44081,Europe
24,Taiwan,6.4460000000000015,1.368,1.43,0.914,0.35100000000000003,0.242,0.097,,,1.8,36.0,62.1,,,,40.7,40.0,41.5,0.0,0.0,0.0,1.0,13638.0,,,,,,,,,,,,,,,,,,,,,,Asia
25,Chile,6.444,1.159,1.369,0.92,0.35700000000000004,0.187,0.056,9.6,769.3,4.2,32.8,63.0,Republic,Executive,80.0,34.4,33.2,35.6,0.0,0.0,0.0,1.0,2931.0,15923.358737538101,4.0,17.2,10.6,CHL,CL,Latin America & Caribbean ,,High income,IBRD,Santiago,-70.6475,-33.475,70.99506,71.92113,69.96987,63.48169,75.98094,92.63844,71.32217,32.20415,South America
26,Guatemala,6.436,0.8,1.269,0.746,0.535,0.175,0.078,3.8,111.8,13.3,23.4,63.2,Republic,Executive,74.1,22.1,21.4,22.8,0.0,0.0,0.0,0.0,16228.0,4549.01008110721,1.8,3.7,2.7,GTM,GT,Latin America & Caribbean ,Latin America & Caribbean (excluding high income),Upper middle income,IBRD,Guatemala City,-90.5328,14.6248,38.95693,36.16592,42.06455,24.08401,48.77308,51.705009999999994,26.18361,11.773019999999999,North America
27,Saudi Arabia,6.375,1.403,1.357,0.795,0.439,0.08,0.132,0.2,1341.0,2.6,44.2,53.2,Absolute monarchy,Executive,75.0,27.5,28.2,26.7,0.0,0.0,0.0,0.0,19219.0,23338.9634580718,1.5,4.5,3.2,SAU,SA,Middle East & North Africa,,High income,Not classified,Riyadh,46.6977,24.6748,82.13396999999999,86.78269,79.09661,71.70479,89.07029,88.97586,78.69533,53.110040000000005,Asia
28,Qatar,6.374,1.6840000000000002,1.3130000000000002,0.871,0.555,0.22,0.16699999999999998,1.5,1020.3,0.2,50.3,49.5,Absolute monarchy,Executive,,33.2,34.3,28.1,0.0,1.0,0.0,0.0,,68793.78443726139,0.9,8.5,6.6,QAT,QA,Middle East & North Africa,,High income,Not classified,Doha,51.5082,25.2948,,,,,,,,,Asia
29,Spain,6.354,1.286,1.484,1.062,0.362,0.153,0.079,11.2,1499.0,2.6,23.2,74.2,Constitutional monarchy,Ceremonial,83.4,42.7,41.5,43.9,7.0,4.0,6.0,4.0,2920.0,30370.8923252247,4.5,13.1,8.7,ESP,ES,Europe & Central Asia,,High income,Not classified,Madrid,-3.70327,40.4167,92.97225999999999,91.33834,94.61459,89.68961,94.8824,98.04366999999999,98.10065,71.50554,Europe
30,Panama,6.3210000000000015,1.149,1.442,0.91,0.516,0.109,0.054000000000000006,8.0,219.3,2.4,15.7,82.0,Republic,Executive,78.3,29.2,28.8,29.6,0.0,0.0,0.0,0.0,9594.0,15575.072548291499,1.2,7.4,4.3,PAN,PA,Latin America & Caribbean ,,High income,IBRD,Panama City,-79.5188,8.99427,54.96241,51.09952,59.02041,37.20065,66.77124,70.9371,51.319829999999996,20.66534,North America
31,Brazil,6.3,1.004,1.439,0.802,0.39,0.099,0.086,8.7,333.5,6.6,20.7,72.7,Republic,Executive,75.7,32.6,31.1,32.8,7.0,6.0,6.0,0.0,6986.0,8920.76210462979,3.1,10.0,6.5,BRA,BR,Latin America & Caribbean ,Latin America & Caribbean (excluding high income),Upper middle income,IBRD,Brasilia,-47.9292,-15.7801,68.16731,70.91897,65.11723,57.969669999999994,74.95446,84.11803,64.39526,28.79352,South America
32,Uruguay,6.292999999999998,1.124,1.465,0.8909999999999999,0.523,0.127,0.15,7.6,899.4,6.2,24.1,69.7,Republic,Executive,77.8,35.0,33.1,36.7,0.0,0.0,0.0,0.0,1121.0,17277.9701105496,8.3,29.2,18.4,URY,UY,Latin America & Caribbean ,,High income,IBRD,Montevideo,-56.0675,-34.8941,79.02189,77.90701,80.30841,71.29683,84.16996999999999,91.10945,80.82525,57.74635,South America
33,Singapore,6.2620000000000005,1.5719999999999998,1.463,1.141,0.556,0.271,0.453,2.0,851.2,0.0,24.8,75.2,Republic,Ceremonial,83.7,34.6,34.5,34.7,1.0,0.0,0.0,0.0,28682.0,64581.9440183954,6.1,13.8,9.9,SGP,SG,East Asia & Pacific,,High income,Not classified,Singapore,103.85,1.28941,84.11856999999999,83.65543000000001,84.61984,68.14761999999999,94.72429,99.54427,91.95095,50.11275,Asia
34,El Salvador,6.252999999999999,0.794,1.242,0.789,0.43,0.093,0.07400000000000001,3.2,206.7,12.0,27.7,60.3,Republic,Executive,73.1,27.1,25.6,28.6,0.0,0.0,0.0,0.0,10221.0,4058.2524392811797,4.5,24.2,13.7,SLV,SV,Latin America & Caribbean ,Latin America & Caribbean (excluding high income),Lower middle income,IBRD,San Salvador,-89.2073,13.7034,52.168490000000006,49.03221,55.96174,37.44947,61.975880000000004,69.24892,40.31177,18.5287,North America
35,Italy,6.223,1.294,1.4880000000000002,1.039,0.231,0.158,0.03,6.7,1493.3,2.1,23.9,73.9,Republic,Ceremonial,83.4,45.5,44.4,46.5,8.0,12.0,8.0,14.0,3614.0,34483.2039992043,4.5,12.1,8.2,ITA,IT,Europe & Central Asia,,High income,Not classified,Rome,12.4823,41.8955,85.8988,83.7149,88.27462,90.31367,83.10744,98.55623,96.72768,60.121809999999996,Europe
36,Bahrain,6.199,1.362,1.368,0.871,0.536,0.255,0.11,2.1,1101.5,0.3,39.3,60.4,Constitutional monarchy,Executive,77.2,32.3,33.8,29.5,1.0,1.0,0.0,0.0,,24050.7575053956,1.9,8.4,5.9,BHR,BH,Middle East & North Africa,,High income,Not classified,Manama,50.5354,26.1921,91.98148,94.00827,90.94058000000001,90.41691999999999,93.02408,96.92401,88.91543,69.78983000000001,Asia
37,Slovakia,6.198,1.246,1.504,0.8809999999999999,0.334,0.121,0.014,13.0,1500.9,3.8,35.0,61.2,Republic,Ceremonial,77.4,40.5,38.8,42.3,2.0,2.0,0.0,0.0,1499.0,19442.705762069298,3.5,22.7,12.8,SVK,SK,Europe & Central Asia,,High income,Not classified,Bratislava,17.1073,48.1484,76.55845,74.22312,79.09626999999999,72.91667,78.95583,96.86497,86.08379000000001,24.13757,Europe
38,Trinidad & Tobago,6.192,1.231,1.477,0.713,0.489,0.185,0.016,6.7,682.5,0.4,47.8,51.7,Republic,Ceremonial,73.4,36.0,35.6,36.6,0.0,0.0,1.0,0.0,,17129.9130902577,4.5,23.0,13.6,TTO,TT,Latin America & Caribbean ,,High income,IBRD,Port-of-Spain,-61.4789,10.6596,75.8832,75.99514,75.76719,70.98938000000001,79.14112,94.0451,72.13333,41.54179,North America
39,Poland,6.182,1.206,1.4380000000000002,0.884,0.483,0.117,0.05,12.5,1363.1,2.4,40.2,57.4,Republic,Executive,78.5,40.7,39.0,42.4,2.0,3.0,6.0,1.0,2001.0,15420.911163429499,4.3,28.9,16.2,POL,PL,Europe & Central Asia,,High income,IBRD,Warsaw,21.02,52.26,78.58883,75.95373000000001,81.50103,77.12574000000001,79.56359,98.66124,92.6762,28.669959999999996,Europe
40,Uzbekistan,6.174,0.745,1.529,0.7559999999999999,0.631,0.322,0.24,4.6,495.9,17.9,33.7,48.5,Republic,Executive,71.6,28.6,28.0,29.2,4.0,2.0,7.0,0.0,6488.0,1532.37167679684,4.8,9.9,7.4,UZB,UZ,Europe & Central Asia,Europe & Central Asia (excluding high income),Lower middle income,Blend,Tashkent,69.26899999999999,41.3052,31.023359999999997,22.96005,39.97005,20.2274,38.21496,38.886829999999996,25.341639999999998,7.885978999999999,Asia
41,Lithuania,6.149,1.238,1.515,0.818,0.29100000000000004,0.043,0.042,15.5,1292.0,3.5,29.4,67.2,Republic,Executive,75.7,43.7,39.7,47.1,0.0,1.0,3.0,0.0,1490.0,19153.4089860651,9.5,58.1,31.9,LTU,LT,Europe & Central Asia,,High income,Not classified,Vilnius,25.2799,54.6896,71.25316,69.62444,73.20246,58.18095,79.94242,94.64511999999999,87.8895,26.03402,Europe
42,Colombia,6.125,0.985,1.41,0.841,0.47,0.099,0.034,6.2,351.4,7.2,30.8,62.1,Republic,Executive,77.1,30.0,29.0,31.0,3.0,2.0,3.0,0.0,27770.0,6667.7906995498,2.8,11.6,7.2,COL,CO,Latin America & Caribbean ,Latin America & Caribbean (excluding high income),Upper middle income,IBRD,Bogota,-74.082,4.60987,59.85363,59.532959999999996,60.21362,41.38065,72.11974000000001,75.45255999999999,54.743430000000004,25.740029999999997,South America
43,Slovenia,6.1179999999999986,1.258,1.523,0.953,0.564,0.14400000000000002,0.057,11.6,2236.5,1.8,32.2,65.9,Republic,Ceremonial,81.2,44.5,42.8,46.2,1.0,2.0,1.0,0.0,1709.0,26123.9738694646,6.9,30.4,18.6,SVN,SI,Europe & Central Asia,,High income,Not classified,Ljubljana,14.5044,46.0546,84.844,78.46602,91.51738,83.02535999999999,86.05436999999999,100.0,92.38771,59.31833,Europe
44,Nicaragua,6.105,0.6940000000000001,1.325,0.835,0.435,0.2,0.127,5.0,327.8,15.5,24.4,60.0,Republic,Executive,74.3,25.7,24.8,26.6,0.0,0.0,0.0,0.0,,2028.8947553936898,5.3,19.3,12.2,NIC,NI,Latin America & Caribbean ,Latin America & Caribbean (excluding high income),Lower middle income,IDA,Managua,-86.2734,12.1475,45.86626,43.96996,47.915859999999995,32.79995,54.5577,58.44331,31.606759999999998,16.511960000000002,North America
46,Argentina,6.086,1.092,1.432,0.8809999999999999,0.471,0.066,0.05,8.7,1176.1,10.8,28.1,61.1,Republic,Executive,76.5,31.7,30.5,32.9,3.0,1.0,0.0,2.0,1117.0,11683.949621636299,3.5,15.1,9.2,ARG,AR,Latin America & Caribbean ,Latin America & Caribbean (excluding high income),Upper middle income,IBRD,Buenos Aires,-58.4173,-34.6118,68.76507,70.11489,67.28787,67.57093,69.55928,85.0132,70.8464,29.291,South America
47,Romania,6.07,1.162,1.232,0.825,0.462,0.083,0.005,14.4,1204.3,4.2,33.2,62.6,Republic,Executive,75.9,41.1,39.7,42.6,1.0,1.0,2.0,0.0,1823.0,12301.1864034302,3.3,17.9,10.4,ROU,RO,Europe & Central Asia,Europe & Central Asia (excluding high income),Upper middle income,IBRD,Bucharest,26.0979,44.4479,64.56066,63.346790000000006,65.91617,56.49887,69.9229,90.10074,69.3955,32.359120000000004,Europe
48,Cyprus,6.046,1.263,1.223,1.042,0.406,0.19,0.041,9.2,1961.4,2.0,12.5,85.5,Republic,Executive,80.8,36.8,35.5,38.3,0.0,0.0,0.0,0.0,,28159.3016999455,2.3,8.2,5.3,CYP,CY,Europe & Central Asia,,High income,Not classified,Nicosia,33.3736,35.1676,72.63476999999999,71.48362,73.87639,68.68235,75.25509,93.21797,80.33004,27.310190000000002,Asia
49,Ecuador,6.028,0.912,1.3119999999999998,0.868,0.498,0.126,0.087,7.2,93.5,6.7,32.9,60.4,Republic,Executive,76.8,27.7,27.0,28.4,0.0,0.0,0.0,0.0,14810.0,6344.87197850057,3.9,10.3,7.1,ECU,EC,Latin America & Caribbean ,Latin America & Caribbean (excluding high income),Upper middle income,IBRD,Quito,-78.5243,-0.229498,51.35165,44.69959,58.273469999999996,36.1625,61.465540000000004,65.2131,45.0509,18.50385,South America
50,Kuwait,6.021,1.5,1.319,0.8079999999999999,0.493,0.142,0.097,0.1,1412.7,0.4,58.7,40.9,Constitutional monarchy,Executive,75.4,29.3,30.4,27.4,0.0,0.0,0.0,0.0,,33994.4065667831,1.7,2.8,2.3,KWT,KW,Middle East & North Africa,,High income,Not classified,Kuwait City,47.9824,29.3721,94.21601,90.77595,96.0859,93.01661999999999,95.00791,99.07271999999999,91.86608000000001,69.76613,Asia
51,Thailand,6.007999999999999,1.05,1.409,0.828,0.557,0.359,0.028,7.1,837.4,8.2,36.2,55.6,Constitutional monarchy,Executive,76.9,37.7,36.6,38.7,2.0,2.0,2.0,0.0,16084.0,7273.563207320921,5.9,23.4,14.4,THA,TH,East Asia & Pacific,East Asia & Pacific (excluding high income),Upper middle income,IBRD,Bangkok,100.521,13.7308,54.10252,49.97482,58.8753,39.202940000000005,64.02654,87.4973,46.49322,7.9092839999999995,Asia
52,Latvia,5.94,1.187,1.465,0.812,0.264,0.075,0.064,12.3,1189.1,3.9,22.4,73.7,Republic,Ceremonial,75.2,43.6,39.7,46.9,0.0,0.0,0.0,0.0,1048.0,17860.6171980214,7.3,37.6,21.2,LVA,LV,Europe & Central Asia,,High income,Not classified,Riga,24.1048,56.9465,77.67465,77.93902,77.34185,69.737,82.94415,97.98654,89.44771,44.11831,Europe
53,South Korea,5.895,1.301,1.219,1.036,0.159,0.175,0.056,12.3,1667.4,2.2,39.3,58.3,Republic,Executive,82.8,41.8,40.2,43.4,9.0,3.0,9.0,1.0,9348.0,31362.75147294,15.4,38.4,26.9,KOR,KR,East Asia & Pacific,,High income,Not classified,Seoul,126.95700000000001,37.5323,83.29224,79.70404,86.90603,67.16098000000001,94.04583000000001,97.96752,92.64601,40.15233,Asia
54,Estonia,5.893,1.237,1.528,0.8740000000000001,0.495,0.103,0.161,10.3,1759.9,2.8,29.2,68.1,Republic,Ceremonial,,42.7,39.4,46.1,0.0,0.0,1.0,0.0,1134.0,23266.346271875096,6.6,30.6,17.8,EST,EE,Europe & Central Asia,,High income,Not classified,Tallinn,24.7586,59.4392,84.9892,83.04564,87.2691,72.77628,93.11979000000001,98.78365,92.45148,58.44235,Europe
55,Jamaica,5.89,0.831,1.4780000000000002,0.831,0.49,0.107,0.028,4.9,312.5,7.0,21.1,71.9,Constitutional monarchy,Ceremonial,74.4,26.0,25.5,26.5,6.0,3.0,2.0,0.0,9948.0,5354.2368587703,1.0,3.3,2.2,JAM,JM,Latin America & Caribbean ,Latin America & Caribbean (excluding high income),Upper middle income,IBRD,Kingston,-76.792,17.9927,,,,,,,,,North America
56,Mauritius,5.888,1.12,1.402,0.7979999999999999,0.498,0.215,0.06,3.6,542.5,4.0,21.8,74.1,Republic,Ceremonial,74.9,35.3,34.2,36.3,0.0,0.0,0.0,0.0,,11238.6903948961,2.4,13.3,7.8,MUS,MU,Sub-Saharan Africa ,Sub-Saharan Africa (excluding high income),Upper middle income,IBRD,Port Louis,57.4977,-20.1605,63.043209999999995,58.06288000000001,68.2678,50.32424,71.50856999999999,88.92791,54.396930000000005,28.537959999999998,Africa
57,Japan,5.886,1.327,1.419,1.088,0.445,0.069,0.14,7.2,1583.2,1.1,30.1,68.7,Constitutional monarchy,Ceremonial,84.5,47.3,46.0,48.7,12.0,8.0,21.0,4.0,5451.0,39289.9584346358,11.4,26.0,18.5,JPN,JP,East Asia & Pacific,,High income,Not classified,Tokyo,139.77,35.67,69.97473000000001,67.63245,72.77896,63.979040000000005,73.96981,95.71316,92.42239000000001,34.35794,Asia
58,Honduras,5.86,0.642,1.236,0.828,0.507,0.246,0.078,4.0,469.8,14.2,28.8,57.0,Republic,Executive,75.1,23.0,22.6,23.3,0.0,0.0,0.0,0.0,11753.0,2500.1132128602303,1.5,4.4,2.9,HND,HN,Latin America & Caribbean ,Latin America & Caribbean (excluding high income),Lower middle income,IDA,Tegucigalpa,-87.4667,15.1333,42.243159999999996,36.490109999999994,48.658390000000004,24.53943,54.02103,55.29922,30.51085,10.68101,North America
59,Kazakhstan,5.809,1.173,1.508,0.7290000000000001,0.41,0.146,0.096,10.3,1800.9,4.7,34.1,61.2,Republic,Executive,73.2,30.6,29.3,31.9,3.0,5.0,10.0,0.0,1146.0,9812.60113654067,7.6,38.3,22.5,KAZ,KZ,Europe & Central Asia,Europe & Central Asia (excluding high income),Upper middle income,IBRD,Astana,71.4382,51.1879,70.90898,70.56575,71.29826,66.17616,74.04996,88.48298,67.15474,22.36474,Asia
60,Bolivia,5.779,0.7759999999999999,1.209,0.706,0.511,0.13699999999999998,0.064,5.9,291.6,13.8,37.8,48.2,Republic,Executive,71.2,24.3,23.6,25.0,0.0,0.0,0.0,0.0,3638.0,3548.5901397933794,8.6,15.8,12.2,BOL,BO,Latin America & Caribbean ,Latin America & Caribbean (excluding high income),Lower middle income,IBRD,La Paz,-66.1936,-13.9908,59.41451,52.90286999999999,66.24586,50.1718,65.57538000000001,80.96672,45.293240000000004,12.26229,South America
61,Hungary,5.757999999999999,1.2009999999999998,1.41,0.828,0.199,0.081,0.02,13.3,2060.3,3.9,31.3,64.8,Republic,Ceremonial,76.7,42.3,40.4,44.3,8.0,3.0,4.0,2.0,1233.0,16161.9805101918,9.6,29.7,19.1,HUN,HU,Europe & Central Asia,,High income,Not classified,Budapest,19.0408,47.4984,71.8803,69.09210999999999,75.09877,70.88731999999999,72.53934,94.0754,82.26933000000001,36.09655,Europe
62,Paraguay,5.7429999999999986,0.855,1.475,0.777,0.514,0.184,0.08,8.8,384.5,17.9,27.7,54.5,Republic,Executive,74.1,28.2,28.0,28.5,0.0,0.0,0.0,0.0,173056.0,5821.81432292324,6.5,12.4,9.5,PRY,PY,Latin America & Caribbean ,Latin America & Caribbean (excluding high income),Upper middle income,IBRD,Asuncion,-57.6362,-25.3005,57.93626,57.30046,58.567209999999996,42.69571,68.0861,77.67985999999999,46.59053,11.35823,South America
64,Peru,5.697,0.96,1.274,0.8540000000000001,0.455,0.083,0.027000000000000003,8.1,97.7,7.6,32.7,59.9,Republic,Executive,76.5,28.0,27.2,28.8,0.0,0.0,0.0,0.0,14585.0,6941.235847630121,2.7,7.2,4.9,PER,PE,Latin America & Caribbean ,Latin America & Caribbean (excluding high income),Upper middle income,IBRD,Lima,-77.0465,-12.0931,48.76775,42.01764,55.68465,29.860540000000004,61.363890000000005,63.32167,41.72607,18.98592,South America
65,Portugal,5.693,1.221,1.431,0.999,0.508,0.047,0.025,12.9,1133.4,2.2,22.1,75.7,Republic,Executive,81.9,42.2,40.2,44.4,0.0,0.0,1.0,0.0,4049.0,23407.906588796803,6.5,22.2,14.0,PRT,PT,Europe & Central Asia,,High income,Not classified,Lisbon,-9.13552,38.7072,75.09676999999999,69.75399,80.95943,66.87093,80.55804,95.51393,81.32769,44.96802,Europe
66,Pakistan,5.653,0.677,0.8859999999999999,0.535,0.313,0.22,0.098,0.1,363.2,24.4,19.1,56.5,Republic,Ceremonial,67.1,23.8,23.7,23.8,0.0,0.0,0.0,0.0,22759.0,1482.40306306798,3.0,2.7,2.9,PAK,PK,South Asia,South Asia,Lower middle income,Blend,Islamabad,72.8,30.5167,14.432170000000001,6.2456830000000005,22.07142,7.180573,19.25321,18.75894,10.35679,2.454216,Asia
67,Russia,5.648,1.183,1.452,0.726,0.334,0.08199999999999999,0.031,15.1,2295.0,4.7,32.4,62.3,Republic,Executive,72.4,39.6,36.6,42.5,19.0,17.0,20.0,1.0,1678.0,11288.8724435206,9.4,55.9,31.0,RUS,RU,Europe & Central Asia,Europe & Central Asia (excluding high income),Upper middle income,IBRD,Moscow,37.6176,55.7558,75.83771,74.41863000000001,77.57254,73.12021999999999,77.64698,94.12525,82.25764000000001,35.45637,Europe
68,Philippines,5.631,0.807,1.293,0.657,0.5579999999999999,0.117,0.107,5.4,1132.2,9.6,30.6,59.8,Republic,Executive,71.1,23.5,23.1,24.0,0.0,1.0,0.0,0.0,196270.0,3102.7133632993105,2.0,4.3,3.2,PHL,PH,East Asia & Pacific,East Asia & Pacific (excluding high income),Lower middle income,IBRD,Manila,121.035,14.5515,52.68959,53.204969999999996,52.159659999999995,34.5825,64.6324,74.39855,35.28499,10.45246,Asia
69,Serbia,5.603,1.004,1.383,0.8540000000000001,0.282,0.13699999999999998,0.039,12.6,1898.6,9.8,41.1,49.1,Republic,Ceremonial,75.8,42.6,40.9,44.3,2.0,4.0,2.0,0.0,1866.0,7246.73165586437,8.1,23.5,15.6,SRB,RS,Europe & Central Asia,Europe & Central Asia (excluding high income),Upper middle income,IBRD,Belgrade,20.4656,44.8024,69.07723,68.7054,69.48333000000001,62.08724,73.73356,95.70671,77.77896,33.85868,Europe
70,Moldova,5.529,0.685,1.328,0.7390000000000001,0.245,0.181,0.0,16.8,1747.2,17.7,20.3,62.0,Republic,Ceremonial,71.8,36.7,34.9,38.6,0.0,0.0,0.0,0.0,3084.0,3227.3121916043,4.7,27.9,15.9,MDA,MD,Europe & Central Asia,Europe & Central Asia (excluding high income),Lower middle income,Blend,Chisinau,28.8497,47.0167,72.4085,71.61681999999999,73.28191,59.80535,80.78464,93.20826,75.65429,28.11907,Europe
71,Libya,5.525,1.044,1.3030000000000002,0.6729999999999999,0.416,0.133,0.152,0.1,327.2,1.3,52.3,46.4,,,72.7,28.9,29.1,28.7,0.0,0.0,0.0,0.0,,7241.70448113024,2.2,8.1,5.2,LBY,LY,Middle East & North Africa,Middle East & North Africa (excluding high income),Upper middle income,IBRD,Tripoli,13.1072,32.8578,74.88226999999999,75.26395,74.56535,70.46211,77.82126,79.72884,70.93619,45.249970000000005,Africa
72,Montenegro,5.523,1.051,1.361,0.871,0.197,0.142,0.08,8.7,1100.8,7.5,15.9,76.6,Republic,Ceremonial,76.8,40.7,39.9,41.8,0.0,0.0,0.0,0.0,2490.0,8844.23698538056,5.3,15.4,10.3,MNE,ME,Europe & Central Asia,Europe & Central Asia (excluding high income),Upper middle income,IBRD,Podgorica,19.2595,42.4602,78.1872,74.31958,82.22882,69.57552,83.92314,95.93821,78.52339,47.69025,Europe
73,Tajikistan,5.4670000000000005,0.493,1.098,0.718,0.389,0.23,0.14400000000000002,2.8,361.1,28.6,25.5,45.9,Republic,Executive,70.9,24.5,23.9,25.1,1.0,0.0,0.0,0.0,11167.0,826.6215305387041,1.3,3.7,2.5,TJK,TJ,Europe & Central Asia,Europe & Central Asia (excluding high income),Low income,IDA,Dushanbe,68.7864,38.5878,25.3989,18.61199,32.42962,9.295630000000001,36.070209999999996,33.55681,18.09982,3.705853,Asia
74,Croatia,5.432,1.155,1.266,0.914,0.29600000000000004,0.119,0.022,12.2,1578.9,3.7,26.2,70.1,Republic,Ceremonial,78.3,43.0,41.1,45.0,5.0,3.0,2.0,0.0,1595.0,14909.6931860854,7.9,25.6,16.5,HRV,HR,Europe & Central Asia,,High income,IBRD,Zagreb,15.9614,45.8069,74.47534,68.98185,80.36426,70.50111,77.12343,97.39641,85.83776,33.498740000000005,Europe
75,Hong Kong,5.43,1.4380000000000002,1.277,1.122,0.44,0.258,0.287,,,0.1,7.6,92.3,,,84.7,44.4,43.5,45.0,0.0,0.0,0.0,0.0,33165.0,48675.6164599767,,,,HKG,HK,East Asia & Pacific,,High income,Not classified,,114.109,22.3964,81.32282,77.31164,86.223,65.27797,91.99744,98.24835,88.43518,37.02251,Asia
76,Dominican Republic,5.425,1.015,1.401,0.779,0.4970000000000001,0.113,0.101,6.9,218.9,5.6,33.0,61.4,Republic,Executive,73.9,28.1,27.9,28.3,0.0,0.0,1.0,0.0,18141.0,8050.63160184635,3.1,16.8,9.9,DOM,DO,Latin America & Caribbean ,Latin America & Caribbean (excluding high income),Upper middle income,IBRD,Santo Domingo,-69.8908,18.479,60.182880000000004,61.487869999999994,58.86524,47.41342,68.64291,74.86381,55.87814,15.619370000000002,North America
77,Bosnia and Herzegovina,5.386,0.945,1.212,0.845,0.212,0.263,0.006,7.1,1767.2,6.8,28.9,64.3,Republic,Ceremonial,77.3,42.1,40.5,43.5,0.0,0.0,0.0,0.0,3445.0,6065.67270824158,3.6,14.1,8.8,BIH,BA,Europe & Central Asia,Europe & Central Asia (excluding high income),Upper middle income,IBRD,Sarajevo,18.4214,43.8607,66.69955999999999,65.84528,67.60198000000001,58.99100000000001,71.83223000000001,90.93406,71.89746,26.00929,Europe
78,Turkey,5.372999999999998,1.183,1.36,0.8079999999999999,0.195,0.083,0.106,2.0,1770.7,6.8,32.3,60.7,Republic,Executive,77.4,30.9,30.5,31.4,1.0,3.0,4.0,0.0,7821.0,9370.1763438282,3.3,11.4,7.3,TUR,TR,Europe & Central Asia,Europe & Central Asia (excluding high income),Upper middle income,IBRD,Ankara,32.3606,39.7153,69.26859,65.86324,72.69960999999999,62.03077,74.05891,84.76536,67.59543000000001,19.06501,Asia
79,Malaysia,5.339,1.221,1.171,0.828,0.508,0.26,0.024,1.3,441.2,8.8,37.6,53.6,Constitutional monarchy,Ceremonial,76.0,28.5,28.2,28.8,0.0,4.0,1.0,0.0,15324.0,11373.2330025676,3.2,7.8,5.5,MYS,MY,East Asia & Pacific,East Asia & Pacific (excluding high income),Upper middle income,IBRD,Kuala Lumpur,101.684,3.12433,,,,,,,,,Asia
80,Belarus,5.323,1.067,1.465,0.789,0.235,0.094,0.142,17.6,2911.3,8.1,40.8,51.1,Republic,Executive,74.6,40.0,37.1,43.1,1.0,4.0,4.0,0.0,1741.0,6289.93855308212,8.2,46.9,26.2,BLR,BY,Europe & Central Asia,Europe & Central Asia (excluding high income),Upper middle income,IBRD,Minsk,27.5766,53.9678,73.2089,73.13405,73.29995,72.9562,73.37695,96.91766,80.8241,29.73548,Europe
81,Greece,5.287000000000001,1.181,1.156,0.999,0.067,0.0,0.034,10.3,2078.6,4.1,16.9,79.1,Republic,Ceremonial,82.1,44.5,43.5,45.6,3.0,1.0,2.0,0.0,4808.0,20324.2535641478,2.0,8.1,5.0,GRC,GR,Europe & Central Asia,,High income,Not classified,Athens,23.7166,37.9792,65.11493,62.3726,68.0119,64.76459,65.34815,96.34317,72.68125,25.73186,Europe
82,Mongolia,5.285,0.948,1.531,0.667,0.317,0.235,0.038,6.9,1982.5,12.1,38.2,49.7,Republic,Executive,69.7,28.3,27.5,29.2,0.0,1.0,1.0,0.0,1560.0,4121.73243469391,3.5,22.6,13.0,MNG,MN,East Asia & Pacific,East Asia & Pacific (excluding high income),Lower middle income,Blend,Ulaanbaatar,106.93700000000001,47.9129,68.09953,69.60176,66.46387,54.335159999999995,77.21761,87.09635,52.71924,26.4763,Asia
83,North Macedonia,5.274,0.983,1.294,0.838,0.345,0.185,0.034,2.4,2784.9,10.9,26.6,62.5,Republic,Ceremonial,75.7,37.9,36.8,39.0,0.0,0.0,0.0,0.0,3037.0,6083.71894832148,3.9,11.9,7.9,MKD,MK,Europe & Central Asia,Europe & Central Asia (excluding high income),Upper middle income,IBRD,Skopje,21.4361,42.0024,,,,,,,,,Europe
84,Nigeria,5.265,0.696,1.111,0.245,0.426,0.215,0.041,10.1,162.5,21.1,22.5,56.4,Republic,Executive,54.3,18.4,18.3,18.5,0.0,0.0,1.0,0.0,44904.0,2028.1819701759803,9.2,9.9,9.5,NGA,NG,Sub-Saharan Africa ,Sub-Saharan Africa (excluding high income),Lower middle income,Blend,Abuja,7.48906,9.05804,27.47255,19.0939,35.41185,19.999589999999998,32.436690000000006,35.2293,19.63601,4.158126,Africa
85,Kyrgyzstan,5.261,0.551,1.4380000000000002,0.723,0.508,0.3,0.023,4.3,519.6,14.6,31.2,54.2,Republic,Ceremonial,71.3,26.5,25.4,27.6,0.0,0.0,0.0,0.0,13446.0,1281.36366078545,3.5,13.2,8.3,KGZ,KG,Europe & Central Asia,Europe & Central Asia (excluding high income),Lower middle income,IDA,Bishkek,74.6057,42.8851,59.1529,57.03078000000001,61.54646999999999,47.4641,66.8919,74.21888,47.8573,19.38156,Asia
86,Turkmenistan,5.247000000000001,1.052,1.538,0.657,0.394,0.244,0.028,4.3,962.1,7.5,44.9,47.7,Republic,Executive,68.1,27.9,27.5,28.4,0.0,0.0,0.0,0.0,1585.0,6966.63541063077,3.5,10.1,6.7,TKM,TM,Europe & Central Asia,Europe & Central Asia (excluding high income),Upper middle income,IBRD,Ashgabat,58.3794,37.9509,36.37384,38.66642,34.046440000000004,28.60077,41.55107,45.18153,31.597490000000004,14.846729999999999,Asia
87,Algeria,5.211,1.002,1.16,0.785,0.086,0.073,0.114,1.0,1046.7,13.3,39.3,47.4,Republic,Executive,76.7,28.1,27.8,28.4,0.0,2.0,0.0,1.0,9306.0,4114.71506136896,1.7,4.7,3.2,DZA,DZ,Middle East & North Africa,Middle East & North Africa (excluding high income),Upper middle income,IBRD,Algiers,3.05097,36.7397,56.46716,52.9982,59.92853,42.66503,65.64495,69.20241,44.92409,27.34794,Africa
88,Morocco,5.207999999999998,0.8009999999999999,0.782,0.782,0.418,0.036000000000000004,0.076,0.9,682.3,14.0,29.5,56.5,Constitutional monarchy,Executive,76.5,29.3,28.6,29.9,0.0,0.0,1.0,0.0,16946.0,3237.8833681566603,3.4,2.3,2.9,MAR,MA,Middle East & North Africa,Middle East & North Africa (excluding high income),Lower middle income,IBRD,Rabat,-6.8704,33.9905,44.33165,38.70612,50.42626,29.395529999999997,54.27659,67.66614,28.94606,10.18721,Africa
89,Azerbaijan,5.207999999999998,1.043,1.147,0.769,0.35100000000000003,0.035,0.182,2.3,1525.6,6.1,53.5,40.4,Republic,Executive,72.9,31.3,29.8,33.0,1.0,7.0,10.0,0.0,4666.0,4721.17808673142,1.1,4.2,2.6,AZE,AZ,Europe & Central Asia,Europe & Central Asia (excluding high income),Upper middle income,IBRD,Baku,49.8932,40.3834,55.9417,51.06065,60.89904,34.25837,70.33542,70.37687,45.33258,26.983970000000003,Asia
90,Lebanon,5.197,0.987,1.224,0.815,0.21600000000000005,0.166,0.027000000000000003,6.7,2037.5,3.9,13.1,83.0,Republic,Ceremonial,78.9,30.5,29.9,31.1,0.0,0.0,0.0,0.0,,8269.78767551923,2.4,4.2,3.3,LBN,LB,Middle East & North Africa,Middle East & North Africa (excluding high income),Upper middle income,IBRD,Beirut,35.5134,33.8872,85.53563,83.84368,87.2408,87.21734000000001,84.41765,96.00108,90.5424,32.095279999999995,Asia
91,Indonesia,5.192,0.931,1.203,0.66,0.491,0.498,0.028,0.6,1675.5,13.7,41.0,45.4,Republic,Executive,71.5,30.2,29.6,30.8,1.0,2.0,0.0,0.0,27853.0,3893.59607757239,2.0,4.8,3.4,IDN,ID,East Asia & Pacific,East Asia & Pacific (excluding high income),Lower middle income,IBRD,Jakarta,106.83,-6.19752,32.2254,30.50512,34.02438,23.90033,37.76762,51.54098,17.72596,0.6002823,Asia
92,China,5.191,1.029,1.125,0.893,0.521,0.058,0.1,6.7,2043.0,7.9,40.5,51.6,Republic,Executive,76.7,37.4,36.5,38.4,26.0,18.0,26.0,0.0,10945.0,9770.84708783314,10.3,9.1,9.7,CHN,CN,East Asia & Pacific,East Asia & Pacific (excluding high income),Upper middle income,IBRD,Beijing,116.286,40.0495,64.12061,63.694390000000006,64.53285,44.0138,77.98966999999999,93.03758,53.84863000000001,10.208260000000001,Asia
93,Vietnam,5.175,0.741,1.346,0.851,0.5429999999999999,0.147,0.073,6.6,1049.6,15.3,33.3,51.3,Republic,Executive,75.3,30.5,29.4,31.7,1.0,1.0,0.0,0.0,27765.0,2566.59694958511,3.7,10.9,7.3,VNM,VN,East Asia & Pacific,East Asia & Pacific (excluding high income),Lower middle income,IBRD,Hanoi,105.825,21.0069,51.524159999999995,47.34036,56.07744,37.06775,61.16149,76.11625,37.85284,8.524341999999999,Asia
94,Bhutan,5.082,0.813,1.321,0.604,0.457,0.37,0.16699999999999998,0.7,,16.2,41.8,42.0,Constitutional monarchy,Executive,71.5,27.6,28.2,27.1,0.0,0.0,0.0,0.0,,3360.2668668902897,8.5,14.0,11.4,BTN,BT,South Asia,South Asia,Lower middle income,IDA,Thimphu,89.6177,27.5768,,,,,,,,,Asia
95,Cameroon,5.044,0.5489999999999999,0.91,0.331,0.381,0.187,0.037000000000000005,8.4,171.0,16.7,26.5,56.8,Republic,Executive,58.9,18.5,18.4,18.7,0.0,0.0,0.0,0.0,23367.0,1533.74213975885,7.4,17.1,12.2,CMR,CM,Sub-Saharan Africa ,Sub-Saharan Africa (excluding high income),Lower middle income,Blend,Yaounde,11.5174,3.8721,27.390109999999996,23.73573,31.11921,13.01643,36.94839,33.4042,18.72395,8.939283,Africa
96,Bulgaria,5.011,1.092,1.513,0.815,0.311,0.081,0.004,11.4,1757.3,4.3,28.0,67.4,Republic,Ceremonial,74.9,42.7,40.9,44.7,0.0,1.0,2.0,0.0,1762.0,9272.62930360848,5.1,18.2,11.5,BGR,BG,Europe & Central Asia,Europe & Central Asia (excluding high income),Upper middle income,IBRD,Sofia,23.3238,42.7105,64.55975,63.05301,66.22598,45.42814,77.20998,95.54021,85.91272,18.2042,Europe
97,Ghana,4.996,0.611,0.868,0.486,0.381,0.245,0.04,4.8,40.5,18.3,24.5,57.2,Republic,Executive,63.8,21.1,20.6,21.6,0.0,0.0,0.0,0.0,25429.0,2202.31216442504,2.1,8.7,5.4,GHA,GH,Sub-Saharan Africa ,Sub-Saharan Africa (excluding high income),Lower middle income,IDA,Accra,-0.20795,5.57045,27.78752,21.113529999999997,34.595259999999996,21.162689999999998,32.18842,37.01122,12.707310000000001,18.82197,Africa
98,Ivory Coast,4.944,0.569,0.8079999999999999,0.232,0.35200000000000004,0.154,0.09,6.0,352.7,20.1,26.6,53.3,Republic,Executive,57.4,20.9,21.0,20.9,1.0,0.0,1.0,1.0,30889.0,1715.5313321264903,8.3,20.6,14.5,CIV,CI,Sub-Saharan Africa ,Sub-Saharan Africa (excluding high income),Lower middle income,IDA,Yamoussoukro,-4.0305,5.332000000000001,26.00028,19.886470000000003,31.5841,15.53254,32.929990000000004,32.51578,18.20263,7.955625,Africa
99,Nepal,4.913,0.446,1.226,0.677,0.439,0.285,0.08900000000000001,2.2,511.6,27.0,13.5,59.5,Republic,Ceremonial,70.5,24.1,22.8,25.3,0.0,0.0,0.0,0.0,514035.0,1033.91243082634,7.9,9.7,8.8,NPL,NP,South Asia,South Asia,Low income,IDA,Kathmandu,85.3157,27.6939,24.3298,17.269070000000003,32.901720000000005,15.96481,29.87064,39.08662,12.12352,2.129338,Asia
100,Jordan,4.9060000000000015,0.8370000000000001,1.225,0.815,0.383,0.11,0.13,0.7,2306.1,4.5,28.8,66.6,Constitutional monarchy,Executive,74.4,22.5,22.9,22.0,1.0,0.0,0.0,0.0,15598.0,4241.78878213854,2.2,3.6,2.9,JOR,JO,Middle East & North Africa,Middle East & North Africa (excluding high income),Upper middle income,IBRD,Amman,35.9263,31.9497,77.60087,75.44103,79.47625,67.6714,84.20348,88.74874,70.58353000000001,37.80854,Asia
101,Benin,4.883,0.393,0.4370000000000001,0.397,0.349,0.175,0.08199999999999999,2.1,204.0,26.1,22.8,51.1,Republic,Executive,61.5,18.2,17.9,18.6,0.0,0.0,0.0,0.0,11581.0,901.5438712063569,5.9,13.9,9.9,BEN,BJ,Sub-Saharan Africa ,Sub-Saharan Africa (excluding high income),Low income,IDA,Porto-Novo,2.6323,6.4779,18.70794,11.705810000000001,25.873160000000002,12.2711,22.99033,24.50346,9.901314999999999,10.341389999999999,Africa
102,Congo (Brazzaville),4.812,0.6729999999999999,0.799,0.508,0.3720000000000001,0.105,0.093,3.9,195.2,9.3,51.0,39.7,Republic,Executive,64.3,19.7,19.5,19.8,0.0,0.0,0.0,0.0,5086.0,2147.76946104594,3.3,8.4,5.9,COG,CG,Sub-Saharan Africa ,Sub-Saharan Africa (excluding high income),Lower middle income,Blend,Brazzaville,15.2662,-4.2767,25.828020000000002,21.27494,30.40182,15.03545,32.98316,36.47975,14.730189999999999,6.799792,Africa
103,Gabon,4.799,1.057,1.183,0.5710000000000001,0.295,0.043,0.055,10.9,451.2,5.0,44.7,50.4,Republic,Executive,66.2,18.6,18.4,18.8,0.0,0.0,0.0,0.0,1858.0,7952.525892776509,3.2,10.7,7.1,GAB,GA,Sub-Saharan Africa ,Sub-Saharan Africa (excluding high income),Upper middle income,IBRD,Libreville,9.45162,0.38832,49.64517,45.9387,53.58054,37.11052,58.000280000000004,62.78151,35.73755,21.01635,Africa
104,Laos,4.796,0.764,1.03,0.551,0.547,0.266,0.16399999999999998,7.3,814.6,20.9,33.2,45.9,Republic,Executive,67.6,23.0,22.7,23.3,0.0,0.0,0.0,0.0,1557550.0,2542.4865281792,5.7,11.4,8.6,LAO,LA,East Asia & Pacific,East Asia & Pacific (excluding high income),Lower middle income,IDA,Vientiane,102.177,18.5826,25.18497,23.70899,26.725240000000003,13.60939,32.84875,34.96656,13.79491,5.4475620000000005,Asia
105,South Africa,4.722,0.96,1.351,0.469,0.389,0.13,0.055,11.0,509.6,2.8,29.7,67.5,Republic,Executive,63.9,27.1,26.9,27.3,2.0,6.0,2.0,1.0,2577.29,6374.02819575944,4.7,18.7,11.6,ZAF,ZA,Sub-Saharan Africa ,Sub-Saharan Africa (excluding high income),Upper middle income,IBRD,Pretoria,28.1871,-25.746,47.10382,46.621590000000005,47.61846,33.16479,56.334340000000005,58.81405,34.64228,30.65874,Africa
106,Albania,4.7189999999999985,0.947,0.848,0.8740000000000001,0.383,0.17800000000000002,0.027000000000000003,7.0,2491.6,21.7,24.2,54.1,Republic,Ceremonial,,32.9,31.6,34.3,0.0,0.0,0.0,0.0,8602.0,5268.84850355919,4.7,7.9,6.3,ALB,AL,Europe & Central Asia,Europe & Central Asia (excluding high income),Upper middle income,IBRD,Tirane,19.8172,41.3317,47.62765,44.803909999999995,50.622859999999996,34.68922,56.239540000000005,75.53036,37.04138,17.31852,Europe
107,Venezuela,4.707,0.96,1.4269999999999998,0.805,0.154,0.064,0.047,8.9,396.2,4.7,40.4,54.9,Republic,Executive,72.1,28.3,27.6,29.0,0.0,2.0,1.0,0.0,87458.0,,1.1,6.3,3.7,VEN,VE,Latin America & Caribbean ,Latin America & Caribbean (excluding high income),Upper middle income,IBRD,Caracas,-69.8371,9.08165,55.67876999999999,53.41528,58.17471,45.80845,62.22993,70.55145,53.71293000000001,17.86361,South America
108,Cambodia,4.7,0.574,1.122,0.637,0.609,0.232,0.062,5.5,726.2,25.3,32.8,41.9,Constitutional monarchy,Ceremonial,69.6,25.3,24.6,26.0,0.0,0.0,0.0,0.0,24994.0,1510.3248705764001,2.9,7.8,5.3,KHM,KH,East Asia & Pacific,East Asia & Pacific (excluding high income),Lower middle income,IDA,Phnom Penh,104.874,11.5556,28.709670000000003,23.865370000000002,34.49631,20.48425,34.17345,42.33826,15.684429999999999,2.955875,Asia
110,Senegal,4.681,0.45,1.134,0.5710000000000001,0.292,0.153,0.07200000000000001,0.6,359.4,16.9,24.3,58.8,Republic,Executive,67.7,18.8,18.0,19.7,0.0,0.0,0.0,0.0,16534.0,1521.95355421391,2.9,9.3,6.0,SEN,SN,Sub-Saharan Africa ,Sub-Saharan Africa (excluding high income),Lower middle income,IDA,Dakar,-17.4734,14.7247,24.8749,22.31693,27.75245,15.06329,31.40692,29.610429999999997,20.50753,2.784409,Africa
111,Somalia,4.668,0.0,0.698,0.268,0.5589999999999999,0.243,0.27,0.5,198.5,60.2,7.4,32.5,Republic,Ceremonial,,18.1,18.3,17.9,0.0,0.0,0.0,0.0,,314.544165670763,3.1,6.3,4.7,SOM,SO,Sub-Saharan Africa ,Sub-Saharan Africa (excluding high income),Low income,IDA,Mogadishu,45.3254,2.07515,,,,,,,,,Africa
112,Namibia,4.6389999999999985,0.879,1.3130000000000002,0.477,0.401,0.07,0.056,10.8,298.4,6.7,26.3,67.0,Republic,Executive,63.4,21.2,20.4,21.9,0.0,0.0,0.0,0.0,877.0,5931.453886116171,3.6,14.1,8.7,NAM,,Sub-Saharan Africa ,Sub-Saharan Africa (excluding high income),Upper middle income,IBRD,Windhoek,17.0931,-22.5648,49.89694,46.55494,53.74,26.813290000000002,65.24203,59.34376999999999,39.12563,21.836560000000002,Africa
113,Niger,4.628,0.138,0.774,0.366,0.318,0.188,0.102,0.3,118.8,41.6,19.5,38.7,Republic,Executive,62.0,15.4,15.3,15.5,0.0,1.0,0.0,0.0,,413.980304962089,3.3,5.9,4.6,NER,NE,Sub-Saharan Africa ,Sub-Saharan Africa (excluding high income),Low income,IDA,Niamey,2.1073,13.514000000000001,6.123568,2.876718,9.233888,2.840877,8.306013,7.399953999999999,5.109318,0.5960042,Africa
114,Burkina Faso,4.587,0.331,1.056,0.38,0.255,0.177,0.113,6.8,408.1,31.0,23.9,44.9,Republic,Executive,61.2,17.3,17.1,17.4,0.0,0.0,0.0,0.0,25291.0,715.12290404614,5.3,10.2,7.7,BFA,BF,Sub-Saharan Africa ,Sub-Saharan Africa (excluding high income),Low income,IDA,Ouagadougou,-1.53395,12.3605,16.785510000000002,10.388530000000001,22.78359,6.741592999999999,23.47429,20.446270000000002,10.97783,4.7621459999999995,Africa
115,Armenia,4.559,0.85,1.055,0.815,0.28300000000000003,0.095,0.064,5.3,1985.7,16.7,28.2,54.8,Republic,Ceremonial,74.9,35.1,33.3,36.9,1.0,3.0,0.0,0.0,4168.0,4212.0709427293705,2.8,10.8,6.6,ARM,AM,Europe & Central Asia,Europe & Central Asia (excluding high income),Upper middle income,IBRD,Yerevan,44.50899999999999,40.1596,75.05693000000001,73.46163,76.91758,67.42325,80.14458,80.84227,80.50654,52.14128,Asia
116,Iran,4.548,1.1,0.8420000000000001,0.785,0.305,0.27,0.125,1.0,936.5,9.6,35.3,55.0,Republic,Executive,76.5,30.3,30.0,30.5,3.0,1.0,4.0,2.0,6816.0,,3.1,5.0,4.1,IRN,IR,Middle East & North Africa,Middle East & North Africa (excluding high income),Upper middle income,IBRD,Tehran,51.4447,35.6878,68.52816,71.15943,65.7868,58.11229,75.43249,81.45134,58.38146,39.06666,Asia
117,Guinea,4.534,0.38,0.8290000000000001,0.375,0.332,0.207,0.086,0.7,316.0,19.8,32.1,48.1,Republic,Executive,61.2,18.9,18.7,19.1,0.0,0.0,0.0,0.0,11926.0,878.599613250501,5.0,7.5,6.3,GIN,GN,Sub-Saharan Africa ,Sub-Saharan Africa (excluding high income),Low income,IDA,Conakry,-13.7,9.51667,18.67391,14.58929,22.71904,12.62227,22.70124,24.8318,10.83801,7.450550999999999,Africa
118,Georgia,4.519,0.8859999999999999,0.6659999999999999,0.752,0.34600000000000003,0.043,0.16399999999999998,7.7,1917.7,8.2,23.7,67.9,Republic,Ceremonial,73.6,38.1,35.3,40.9,2.0,1.0,4.0,0.0,2360.0,4717.143025735771,2.7,14.2,8.2,GEO,GE,Europe & Central Asia,Europe & Central Asia (excluding high income),Upper middle income,IBRD,Tbilisi,44.793,41.71,62.07618000000001,57.46076,67.38308,50.540690000000005,69.73091,87.58174,61.66867,29.693820000000002,Asia
119,Gambia,4.516,0.308,0.939,0.428,0.382,0.269,0.16699999999999998,3.4,249.1,20.4,14.2,65.4,Republic,Executive,61.7,21.0,20.7,21.3,0.0,0.0,0.0,0.0,,716.118488979126,3.7,6.6,5.1,GMB,GM,Sub-Saharan Africa ,Sub-Saharan Africa (excluding high income),Low income,IDA,Banjul,-16.5885,13.4495,,,,,,,,,Africa
120,Kenya,4.509,0.512,0.983,0.581,0.431,0.3720000000000001,0.053,4.3,264.4,34.5,17.8,47.5,Republic,Executive,63.3,19.7,19.6,19.9,6.0,6.0,1.0,0.0,17643.0,1710.51009699405,1.2,5.1,3.2,KEN,KE,Sub-Saharan Africa ,Sub-Saharan Africa (excluding high income),Lower middle income,Blend,Nairobi,36.8126,-1.27975,48.95625,38.96638,60.1156,25.1157,64.76959000000001,62.93787,30.46707,17.77252,Africa
121,Mauritania,4.49,0.57,1.167,0.489,0.066,0.106,0.08800000000000001,0.1,30.3,27.8,29.3,42.9,Republic,Executive,64.7,20.5,19.5,21.4,0.0,0.0,0.0,0.0,4753.0,1188.8345875397301,2.2,6.6,4.4,MRT,MR,Sub-Saharan Africa ,Sub-Saharan Africa (excluding high income),Lower middle income,IDA,Nouakchott,-15.9824,18.2367,29.129920000000002,24.37227,33.91248,17.09569,37.152640000000005,31.808320000000002,29.17025,8.801769,Africa
122,Mozambique,4.466,0.204,0.986,0.39,0.494,0.197,0.138,2.3,501.9,23.9,19.3,56.8,Republic,Executive,60.2,17.2,16.6,17.8,0.0,0.0,0.0,0.0,6604.0,498.95722020865196,2.5,7.4,4.9,MOZ,MZ,Sub-Saharan Africa ,Sub-Saharan Africa (excluding high income),Low income,IDA,Maputo,32.5713,-25.9664,13.73354,10.16353,17.5472,5.305976,19.33205,17.88115,7.570150999999999,1.94302,Africa
123,Tunisia,4.461,0.921,1.0,0.815,0.16699999999999998,0.059,0.055,1.5,1580.0,10.1,26.2,63.8,Republic,Executive,76.5,31.6,31.0,32.2,0.0,0.0,3.0,0.0,5326.0,3447.5079097555104,2.3,4.4,3.4,TUN,TN,Middle East & North Africa,Middle East & North Africa (excluding high income),Lower middle income,IBRD,Tunis,10.21,36.7899,43.67241,42.792429999999996,44.58137,21.0266,58.73451,69.34966999999999,31.539620000000003,6.18778,Africa
124,Bangladesh,4.456,0.562,0.928,0.723,0.527,0.166,0.14300000000000002,0.2,744.1,14.2,29.3,56.5,Republic,Ceremonial,72.3,26.7,26.0,27.3,0.0,0.0,0.0,0.0,53392.0,1698.26280233547,7.0,4.7,5.9,BGD,BD,South Asia,South Asia,Lower middle income,IDA,Dhaka,90.4113,23.7055,19.75256,12.60961,27.06072,7.113283999999999,28.16297,28.62033,10.70146,5.122068,Asia
125,Iraq,4.437,1.043,0.98,0.574,0.241,0.14800000000000002,0.08900000000000001,0.5,1184.4,3.3,51.0,45.8,Republic,Ceremonial,70.5,20.0,19.8,20.3,0.0,0.0,0.0,0.0,15587.0,5834.166210760611,2.6,3.4,3.0,IRQ,IQ,Middle East & North Africa,Middle East & North Africa (excluding high income),Upper middle income,IBRD,Baghdad,44.394,33.3302,54.594730000000006,44.82087,64.35648,37.6788,65.8662,61.30754,43.95388,49.61436,Asia
126,Congo (Kinshasa),4.418,0.094,1.125,0.35700000000000004,0.269,0.212,0.053,3.6,128.0,19.7,43.6,36.7,Republic,Executive,60.4,18.6,18.3,18.8,0.0,0.0,0.0,0.0,16463.0,561.7771823904251,2.9,8.4,5.7,COD,CD,Sub-Saharan Africa ,Sub-Saharan Africa (excluding high income),Low income,IDA,Kinshasa,15.3222,-4.325,20.78146,15.1199,26.29001,10.50549,27.59785,26.435340000000004,14.019260000000001,2.212389,Africa
127,Mali,4.39,0.385,1.105,0.308,0.327,0.153,0.052000000000000005,1.1,316.9,41.8,18.1,40.5,Republic,Executive,58.9,15.8,15.1,16.4,0.0,0.0,0.0,0.0,22606.0,899.659908096615,2.7,6.9,4.8,MLI,ML,Sub-Saharan Africa ,Sub-Saharan Africa (excluding high income),Low income,IDA,Bamako,-7.50034,13.5667,18.90972,14.344000000000001,23.633589999999998,12.920060000000001,22.87148,25.24343,11.06502,5.226413,Africa
128,Sierra Leone,4.374,0.268,0.841,0.242,0.309,0.252,0.045,9.3,468.6,60.7,6.5,32.9,Republic,Executive,54.3,19.0,18.4,19.6,0.0,0.0,0.0,0.0,69857.0,533.991184258936,8.1,11.3,9.7,SLE,SL,Sub-Saharan Africa ,Sub-Saharan Africa (excluding high income),Low income,IDA,Freetown,-13.2134,8.4821,11.04322,6.957528,15.60026,6.896648,13.79855,15.47657,6.7674,0.284895,Africa
129,Sri Lanka,4.3660000000000005,0.949,1.265,0.831,0.47,0.244,0.047,3.7,254.6,7.8,30.5,61.7,Republic,Executive,76.8,32.8,31.5,34.0,0.0,0.0,0.0,0.0,13696.0,4102.481350144671,6.4,23.5,14.6,LKA,LK,South Asia,South Asia,Upper middle income,IBRD,Colombo,79.8528,6.92148,27.23017,20.53707,35.15919,17.36448,33.77903,50.15553,17.363139999999998,5.604608,Asia
130,Myanmar,4.36,0.71,1.181,0.555,0.525,0.5660000000000001,0.172,0.7,226.5,24.1,35.6,40.3,Republic,Executive,66.9,28.2,27.4,29.0,0.0,0.0,0.0,0.0,12127.0,1325.9529237064,9.5,5.9,7.8,MMR,MM,East Asia & Pacific,East Asia & Pacific (excluding high income),Lower middle income,IDA,Naypyidaw,95.9562,21.914,36.69099,31.809140000000003,42.22874,27.23575,42.99412,53.663509999999995,26.299979999999998,6.647637,Asia
131,Chad,4.35,0.35,0.7659999999999999,0.192,0.174,0.198,0.078,4.4,279.3,52.3,14.7,33.1,Republic,Executive,54.0,17.8,16.8,18.8,0.0,0.0,0.0,0.0,,728.343235359289,7.4,10.3,8.8,TCD,TD,Sub-Saharan Africa ,Sub-Saharan Africa (excluding high income),Low income,IDA,N'Djamena,15.0445,12.1048,7.361003,2.307314,12.679969999999999,2.395766,10.67106,8.418994,5.516833999999999,6.154569,Africa
132,Ukraine,4.332,0.82,1.39,0.7390000000000001,0.17800000000000002,0.187,0.01,13.9,1849.4,12.2,28.6,60.0,Republic,Executive,72.0,40.6,37.4,43.7,2.0,5.0,4.0,0.0,2140.0,3095.17358053586,6.3,41.1,22.4,UKR,UA,Europe & Central Asia,Europe & Central Asia (excluding high income),Lower middle income,IBRD,Kiev,30.5038,50.4536,62.813990000000004,60.90165,65.38620999999999,51.63487,70.24632,86.39749,69.50048000000001,25.34348,Europe
133,Ethiopia,4.2860000000000005,0.336,1.033,0.532,0.344,0.209,0.1,4.2,115.3,34.8,21.6,43.6,Republic,Ceremonial,66.2,17.9,17.7,18.1,1.0,2.0,5.0,0.0,150935.0,772.313530261357,3.1,11.2,7.2,ETH,ET,Sub-Saharan Africa ,Sub-Saharan Africa (excluding high income),Low income,IDA,Addis Ababa,38.7468,9.022739999999999,8.876242,7.314733,10.536610000000001,3.779984,12.26999,13.57355,2.274955,0.0,Africa
134,Eswatini,4.212,0.8109999999999999,1.149,0.0,0.313,0.07400000000000001,0.135,5.7,91.7,6.5,45.0,48.6,Absolute monarchy,Executive,59.4,21.7,21.5,21.9,0.0,0.0,0.0,0.0,3940.0,4145.97411168691,7.5,19.5,13.3,SWZ,SZ,Sub-Saharan Africa ,Sub-Saharan Africa (excluding high income),Lower middle income,IBRD,Mbabane,31.4659,-26.5225,,,,,,,,,Africa
135,Uganda,4.189,0.332,1.069,0.443,0.35600000000000004,0.252,0.06,9.8,195.7,28.2,21.1,50.7,Republic,Executive,63.0,15.8,15.7,15.9,0.0,0.0,0.0,0.0,122780.0,642.776744292007,9.1,10.7,9.9,UGA,UG,Sub-Saharan Africa ,Sub-Saharan Africa (excluding high income),Low income,IDA,Kampala,32.5729,0.314269,29.7334,23.6067,36.22351,19.25473,36.66507,36.16581,18.74556,7.729799000000001,Africa
136,Egypt,4.166,0.913,1.039,0.644,0.241,0.076,0.067,0.4,1449.4,11.7,34.3,54.0,Republic,Executive,71.8,23.9,23.6,24.2,0.0,0.0,3.0,0.0,13888.0,2549.13225178609,1.5,6.4,4.0,EGY,EG,Middle East & North Africa,Middle East & North Africa (excluding high income),Lower middle income,IBRD,Cairo,31.2461,30.0982,34.490390000000005,25.08924,44.0201,21.40569,43.19233,46.77841,26.39105,7.002609,Africa
137,Zambia,4.107,0.578,1.058,0.426,0.431,0.247,0.087,4.0,145.4,7.5,35.3,57.0,Republic,Executive,63.5,16.8,16.6,16.9,0.0,0.0,0.0,0.0,10547.0,1539.9001577990698,3.5,8.8,6.1,ZMB,ZM,Sub-Saharan Africa ,Sub-Saharan Africa (excluding high income),Lower middle income,IDA,Lusaka,28.2937,-15.3982,25.41447,20.39538,30.64323,12.752460000000001,33.85024,30.59592,18.02944,8.907472,Africa
138,Togo,4.085,0.275,0.5720000000000001,0.41,0.293,0.177,0.085,2.3,147.3,28.8,21.8,49.8,Republic,Executive,60.8,19.8,19.5,20.1,0.0,0.0,0.0,0.0,10613.0,679.257083602874,6.4,12.8,9.6,TGO,TG,Sub-Saharan Africa ,Sub-Saharan Africa (excluding high income),Low income,IDA,Lome,1.2255,6.1228,18.657220000000002,11.14344,26.23335,10.184339999999999,24.301460000000002,23.0879,13.01652,4.554464,Africa
139,India,4.015,0.755,0.765,0.588,0.498,0.2,0.085,4.3,89.3,15.4,23.0,61.5,Republic,Ceremonial,69.4,28.1,27.2,28.6,0.0,1.0,1.0,0.0,19656.0,2009.9788572703897,14.7,17.8,16.3,IND,IN,South Asia,South Asia,Lower middle income,IBRD,New Delhi,77.225,28.6353,14.138860000000001,8.394399,19.70218,6.111847,19.48592,20.02047,9.357127,4.650144999999999,Asia
140,Liberia,3.975,0.073,0.922,0.443,0.37,0.233,0.033,4.7,154.4,34.0,13.8,52.2,Republic,Executive,63.7,17.8,17.5,18.0,0.0,0.0,0.0,0.0,8151.0,677.322178545364,6.6,7.1,6.8,LBR,LR,Sub-Saharan Africa ,Sub-Saharan Africa (excluding high income),Low income,IDA,Monrovia,-10.7957,6.30039,22.535120000000003,15.99806,29.40953,12.16175,29.44117,28.75103,15.00348,5.141096,Africa
141,Comoros,3.973,0.274,0.757,0.505,0.142,0.275,0.078,0.2,585.4,47.7,11.8,40.5,Republic,Executive,64.1,19.9,19.2,20.5,0.0,0.0,0.0,0.0,,1415.2636223156198,3.6,9.9,6.8,COM,KM,Sub-Saharan Africa ,Sub-Saharan Africa (excluding high income),Lower middle income,IDA,Moroni,43.2418,-11.6986,,,,,,,,,Africa
142,Madagascar,3.933,0.274,0.916,0.555,0.14800000000000002,0.16899999999999998,0.041,1.8,404.2,24.0,19.5,56.4,Republic,Executive,66.7,19.7,19.5,19.9,0.0,0.0,0.0,0.0,28573.0,527.501285041282,2.2,5.6,3.9,MDG,MG,Sub-Saharan Africa ,Sub-Saharan Africa (excluding high income),Low income,IDA,Antananarivo,45.7167,-20.4667,14.82709,12.870280000000001,17.01936,6.854367,20.08784,21.40868,7.567271000000001,3.3025519999999995,Africa
143,Lesotho,3.802,0.489,1.169,0.168,0.359,0.107,0.093,6.5,448.0,5.8,39.2,54.9,Constitutional monarchy,Ceremonial,53.7,24.2,24.2,24.2,0.0,0.0,0.0,0.0,723667.0,1299.15312598733,24.4,17.8,21.2,LSO,LS,Sub-Saharan Africa ,Sub-Saharan Africa (excluding high income),Lower middle income,IDA,Maseru,27.7167,-29.5208,20.33622,22.050639999999998,18.50054,11.32139,26.336340000000003,27.74278,14.35416,2.7791099999999997,Africa
144,Burundi,3.775,0.046,0.447,0.38,0.22,0.17600000000000002,0.18,9.3,239.4,39.5,16.4,44.2,Republic,Executive,61.2,17.0,16.8,17.3,0.0,1.0,0.0,0.0,,271.752044376648,4.9,13.4,9.1,BDI,BI,Sub-Saharan Africa ,Sub-Saharan Africa (excluding high income),Low income,IDA,Bujumbura,29.3639,-3.3784,,,,,,,,,Africa
145,Zimbabwe,3.663,0.366,1.114,0.433,0.361,0.151,0.08900000000000001,5.7,122.9,12.0,22.2,65.8,Republic,Executive,61.2,20.0,19.6,20.4,0.0,0.0,0.0,0.0,4190.0,2146.99638487707,6.0,15.7,10.7,ZWE,ZW,Sub-Saharan Africa ,Sub-Saharan Africa (excluding high income),Lower middle income,Blend,Harare,31.0672,-17.8312,32.38422,23.32036,42.25463,14.543729999999998,44.25152,38.67941,27.08217,4.0954120000000005,Africa
146,Haiti,3.597,0.32299999999999995,0.688,0.449,0.026,0.419,0.11,6.4,143.0,22.1,20.3,57.6,Republic,Executive,63.7,23.0,22.7,23.2,0.0,0.0,0.0,0.0,,868.34202469407,6.5,17.0,11.7,HTI,HT,Latin America & Caribbean ,Latin America & Caribbean (excluding high income),Low income,IDA,Port-au-Prince,-72.3288,18.5392,32.51478,33.07796,31.917070000000002,22.22966,39.36677,42.289559999999994,23.255860000000002,0.0,North America
147,Botswana,3.488,1.041,1.145,0.5379999999999999,0.455,0.025,0.1,8.4,433.5,1.8,27.5,70.6,Republic,Executive,69.3,24.5,23.5,25.6,0.0,0.0,0.0,0.0,2488.0,8258.641665746909,4.5,14.2,9.3,BWA,BW,Sub-Saharan Africa ,Sub-Saharan Africa (excluding high income),Upper middle income,IBRD,Gaborone,25.9201,-24.6544,38.07562,29.746090000000002,48.23803,23.2781,47.89257,54.73755,20.884610000000002,5.397839,Africa
148,Syria,3.462,0.619,0.378,0.44,0.013,0.331,0.141,1.2,2291.7,20.0,19.5,60.8,Republic,Executive,71.8,24.3,23.9,24.8,0.0,0.0,0.0,0.0,11078.0,,,,,,,,,,,,,,,,,,,,,,Asia
149,Malawi,3.41,0.191,0.56,0.495,0.443,0.218,0.08900000000000001,2.5,241.1,28.6,15.4,56.0,Republic,Executive,63.8,16.5,16.4,16.7,0.0,0.0,0.0,0.0,18696.0,389.398033178836,1.6,5.8,3.7,MWI,MW,Sub-Saharan Africa ,Sub-Saharan Africa (excluding high income),Low income,IDA,Lilongwe,33.7703,-13.9899,17.36254,11.47633,23.796120000000002,9.684312,22.4555,22.09873,11.29455,1.5004680000000001,Africa
150,Yemen,3.38,0.287,1.163,0.463,0.14300000000000002,0.108,0.077,0.3,423.8,20.3,11.8,67.9,,,66.1,19.5,19.3,19.6,0.0,0.0,0.0,0.0,,944.4084993734191,5.6,11.3,8.5,YEM,YE,Middle East & North Africa,Middle East & North Africa (excluding high income),Low income,IDA,Sana'a,44.2075,15.352,,,,,,,,,Asia
151,Rwanda,3.334,0.359,0.711,0.614,0.555,0.217,0.411,9.8,94.0,30.9,17.6,51.5,Republic,Executive,68.7,19.0,18.3,19.8,0.0,0.0,0.0,0.0,,772.944459929187,3.8,9.7,6.7,RWA,RW,Sub-Saharan Africa ,Sub-Saharan Africa (excluding high income),Low income,IDA,Kigali,30.0587,-1.95325,11.48279,8.280919,15.10639,5.251483,15.63584,16.32759,4.351039,1.870723,Africa
152,Tanzania,3.2310000000000003,0.476,0.885,0.499,0.417,0.276,0.147,7.7,181.8,23.4,28.6,47.6,Republic,Executive,65.0,17.7,17.5,18.0,0.0,0.0,0.0,0.0,15866.0,1050.6752537984598,3.2,7.7,5.4,TZA,TZ,Sub-Saharan Africa ,Sub-Saharan Africa (excluding high income),Low income,IDA,Dodoma,35.7382,-6.17486,18.97062,13.86456,24.30167,10.12562,24.826539999999998,25.424039999999998,11.97889,2.3664650000000003,Africa
153,Afghanistan,3.2030000000000003,0.35,0.517,0.361,0.0,0.158,0.025,0.7,311.6,23.0,21.1,55.9,Republic,Executive,64.5,18.9,18.8,18.9,0.0,0.0,0.0,0.0,418827.0,520.896602719135,1.5,7.6,4.7,AFG,AF,South Asia,South Asia,Low income,IDA,Kabul,69.1761,34.5228,14.80909,4.882765,24.6206,9.009466,18.66901,18.33455,9.081439,7.316439999999999,Asia
154,Central African Republic,3.083,0.026,0.0,0.105,0.225,0.235,0.035,3.8,213.2,43.2,16.0,40.8,Republic,Executive,52.8,19.7,19.4,20.0,0.0,0.0,0.0,0.0,,475.721250544318,4.0,11.5,7.7,CAF,CF,Sub-Saharan Africa ,Sub-Saharan Africa (excluding high income),Low income,IDA,Bangui,21.6407,5.63056,7.161353999999999,4.90111,9.594541,3.569112,9.546126,9.016119999999999,5.59425,0.0,Africa
